{
    "train_accuracy": 0.7641107561235356,
    "test_accuracy": 0.7849538679914834,
    "precision": 0.5776805251641138,
    "recall": 0.7058823529411765,
    "f1_score": 0.6353790613718412,
    "roc_auc": 0.8445800718179235,
    "optimal_threshold": 0.61,
    "confusion_matrix": {
        "TN": 842,
        "FP": 193,
        "FN": 110,
        "TP": 264
    }
}