{
    "train_accuracy": 0.8147555555555556,
    "test_accuracy": 0.8024164889836531,
    "precision": 0.6589403973509934,
    "recall": 0.5320855614973262,
    "f1_score": 0.5887573964497042,
    "roc_auc": 0.8383440060878704
}